symbol,assetType,name,price,changePct,rsi,belowHigh,aboveLow,volume
AAPL,stock,"Apple Inc.",330.94,-0.6245871118851674,49.855778334603066,0.2937524727177012,0.6278981375902692,7289567
MSFT,stock,"Microsoft Corporation",517.99,0.9923961785923245,46.50022233266198,0.394196237589248,0.2574278877022074,5622022
NVDA,stock,"NVIDIA Corporation",229.75,0.5998773973202577,46.80376650772446,0.815920995781568,0.04136692917989697,23512392
TSLA,stock,"Tesla, Inc.",355.055,0.06905104140244202,42.16404207387594,0.6630727772008798,0.13396509834814693,7375771
AMZN,stock,"Amazon.com, Inc.",246.7,-0.9833433674493346,24.35947142257116,1.5464419816166268,0.0000012370319573905698,9010472
META,stock,"Meta Platforms, Inc.",724.6,-0.07998014286107273,41.74063949002507,1.0312127517997065,0.2129840464976736,3693055
GOOGL,stock,"Alphabet Inc.",341.6,-0.7207626133457223,24.07151893991157,2.0586039349808747,-0.000001786743411360793,9312552
AMD,stock,"Advanced Micro Devices, Inc.",606.52,-0.8565450503465426,41.86978925764862,1.4493699476831632,0.3715155343569479,5292733
NFLX,stock,"Netflix, Inc.",68.17,-2.0264443805691243,17.154930722034862,1.7015118963000766,0.03669140533465635,9236339
JPM,stock,"JPMorgan Chase & Co.",325.95,-1.4750778345373745,9.474599224751245,1.993501365069368,-0.0000037450623728202945,1653732
V,stock,"Visa Inc.",359.53,0.05565914340577982,32.60283751226912,0.6576230659629538,0.07237203058399713,786886
XOM,stock,"ExxonMobil Holdings Corporation",163.608,0.5271889400921684,81.05961349492303,-0.0001201992016402996,1.2175207979353648,1762761
SPY,stock,"State Street SPDR S&P 500 ETF Trust",760.12,-0.32912421488795235,28.060092644743037,0.6093293650932992,0.003943367689647893,9850051
QQQ,stock,"Invesco QQQ Trust",737.91,-0.2514294983575995,32.96467829153275,0.6636727528453439,0.0067783386320425095,9762117
DIA,stock,"State Street SPDR Dow Jones Industrial Average ETF Trust",505.65,-0.570248746435952,16.30240678056451,0.907344750014283,0.0000012070633196748602,974834
IWM,stock,"iShares Russell 2000 ETF",276.19,-0.6117528518478494,31.688729833339124,0.69394331622014,0.19408362738651852,8725720
XLK,stock,"State Street Technology Select Sector SPDR ETF",196.23,0.24521072796934346,41.510878799769884,0.522150732798613,0.06506716158174458,1952968
XLF,stock,"State Street Financial Select Sector SPDR ETF",52.9,-0.9363295880149813,15.690453321901003,1.1861396268273396,0.00945182378875071,13046685
PLTR,stock,"Palantir Technologies Inc.",190.33,1.7535418337342963,68.56673508315141,0.6550652033755081,1.794354211507259,5637816
SOFI,stock,"SoFi Technologies, Inc.",15.665,-0.34987277353690516,19.338298280225885,1.6943860213791864,2.435172160644313e-7,9351018
COIN,stock,"Coinbase Global, Inc.",189.25,1.5235234161257463,59.20777917965117,0.7837663663306205,1.0680907877169559,1755074
HOOD,stock,"Robinhood Markets, Inc.",112.115,-0.3422222222222268,47.33014899836031,0.818295212345747,0.40299026622770345,4924922
RIVN,stock,"Rivian Automotive, Inc.",14.58,-2.4096385542168637,27.777695361094572,1.619431172512351,5.232780917886405e-7,5670747
LCID,stock,"Lucid Group, Inc.",4.067,-0.0737100737100765,18.06801568485531,3.511272769397708,0.2959351952992245,2283092
F,stock,"Ford Motor Company",11.985,-0.6218905472636904,21.889250038694612,1.1146774459301858,0.31471204302573397,6620473
GM,stock,"General Motors Company",76.915,-0.11038961038960227,25.342279634623026,0.9274194840196367,0.3850133683676155,910045
BAC,stock,"Bank of America Corporation",53.025,-2.581297078816831,14.8573148399349,2.330080851344295,0.028299715038288577,11349571
WFC,stock,"Wells Fargo & Company",78.481,-1.9600249843847628,19.865356051399488,2.0823474661320165,0.3208444743651602,3289980
GS,stock,"The Goldman Sachs Group, Inc.",885.79,-1.6182415922519937,21.672166664994933,1.5329394637349458,0.25465989413176054,479299
MS,stock,"Morgan Stanley",184.17,-2.0789025946405917,22.08842724515121,1.487027009158953,0.04345899489427912,1296703
PYPL,stock,"PayPal Holdings, Inc.",52.925,0.7519512659432629,32.31679837340431,1.0379538138592428,0.0000014415483444137368,1322661
SHOP,stock,"Shopify Inc.",150.47,1.4632501685771997,43.01770800166548,1.1431618402974975,-8.112601290847282e-7,1329620
CRM,stock,"Salesforce, Inc.",235.33,2.5090386374526377,32.289980128454516,0.9762229985559798,0.04463551653100299,1676876
ORCL,stock,"Oracle Corporation",136.07,-0.8958485069191682,26.21465076660988,1.8678808551172235,0.19144573012312144,5311741
AVGO,stock,"Broadcom Inc.",347.24,-1.1247472877929292,25.62083517813808,1.5718054107322237,0.0000028123560890850987,4226444
MU,stock,"Micron Technology, Inc.",1031.717,-3.1351691374599624,17.119124989341856,3.1806071292251583,0.39087759258375965,13684403
INTC,stock,"Intel Corporation",118.56,-1.3890044082175843,47.55553370338848,0.8363981089106921,0.4150083056172511,24779656
TSM,stock,"Taiwan Semiconductor Manufacturing Company Limited",455.86,-0.07233828010258535,50.01901435231483,0.19485495347564014,0.14912448078754992,2177566
ASML,stock,"ASML Holding N.V.",1799,-0.6993547389977244,20.660902378624712,1.1345630224387537,0.017787837720355238,479692
QCOM,stock,"QUALCOMM Incorporated",183.13,-0.4944577265811762,38.17584849097679,0.6321377034212019,-0.0000026663093836927785,1174482
ARM,stock,"Arm Holdings plc",290.1,0.15190223020092444,47.95917350512947,0.7101866619873142,0.49885551154368923,1011525
SMCI,stock,"Super Micro Computer, Inc.",40.5,-1.3878743608473345,39.3854730744887,1.794378390758369,0.5711436295551032,6061390
NOW,stock,"ServiceNow, Inc.",137.8,2.8281471531975377,33.614681263516474,1.2787954493753255,-0.0000022146282536619925,3101456
UBER,stock,"Uber Technologies, Inc.",67.84,-0.9779594219821948,28.386986532722418,1.2085338686397822,0.25122186442249245,2951939
ABNB,stock,"Airbnb, Inc.",159.63,-0.6349206349206412,32.754865616311406,0.9862307459770375,-0.000003058831269304315,591693
DIS,stock,"The Walt Disney Company",102.11,-2.6596758817921886,5.069918906838652,1.9587148305245228,-5.977392610127542e-7,1350348
WMT,stock,"Walmart Inc.",104.09,0.16358737490377379,39.55053714034913,0.4447422923997246,0.32287866170320656,3903266
COST,stock,"Costco Wholesale Corporation",911.445,0.12138321945646881,55.30443274456522,0.05428015440500482,0.6754424126809282,267571
HD,stock,"The Home Depot, Inc.",277.595,-2.4236352771626355,10.467412477438032,1.908402522839186,-4.3974246378616646e-7,1638159
LOW,stock,"Lowe's Companies, Inc.",179.6,-2.5449020565413196,9.554354727934793,2.077315078804771,-0.00000339839388823098,501587
NKE,stock,"NIKE, Inc.",35.75,0.9887005649717555,46.57995329480372,0.34843205574912894,0.23832632073661464,10535401
SBUX,stock,"Starbucks Corporation",94.275,0.3352490421456066,51.863523279232325,0.25920085883157135,0.4207528314213449,594452
MCD,stock,"McDonald's Corporation",230.449,-0.2126093357581993,31.173245778050344,0.6621577733787495,0.0017325937444350374,1063018
PEP,stock,"PepsiCo, Inc.",126.4,-0.2525252525252471,43.780853128559976,0.605487284762216,0.05540898276794855,1209121
KO,stock,"The Coca-Cola Company",86.274,0.22537174721189895,53.50522764193777,0.39369378534865435,0.13812456896200667,3529323
TGT,stock,"Target Corporation",157.312,0.3969621545727322,60.98422278951932,-0.0000022503300155016735,1.028831299889832,332985
CVX,stock,"Chevron Corporation",206.2,0.9744870476470204,86.17163519414349,-0.0000014799989555273036,1.2198432647479853,856167
OXY,stock,"Occidental Petroleum Corporation",57.08,3.1814895155459113,82.70685461665545,0.07877461706783669,2.339755156287336,2573703
SLB,stock,"SLB N.V.",48.21,-1.0467980295566461,39.83359187702722,0.45426451329645906,0.5107887973161855,2737958
UNH,stock,"UnitedHealth Group Incorporated",365.275,-0.4917184265010371,19.74511487854788,1.4155751833076844,0.42614444167284615,872699
LLY,stock,"Eli Lilly and Company",1143.521,-1.1718290870121315,43.32347045910088,0.7730667629024006,0.01582312308393972,398719
NVO,stock,"Novo Nordisk A/S",37.54,-0.9759957794777038,26.785921076831897,0.6878286833551961,-0.000002438804800944929,2670211
PFE,stock,"Pfizer Inc.",28.455,-0.22791023842917701,47.04284270639938,0.24539743897069966,0.12315244057739314,4860090
MRK,stock,"Merck & Co., Inc.",144.475,-0.57463354208245,47.83217414867673,0.21238838817571112,0.13515471468876986,913689
JNJ,stock,"Johnson & Johnson",262.35,-0.902772531540374,40.90919900122864,0.5232665714330261,0.059113511490177094,799031
ABBV,stock,"AbbVie Inc.",259.73,-0.7110363546006946,45.43088290757651,0.8115219862792915,-0.000004229903223385461,484647
BA,stock,"The Boeing Company",186,-0.026874496103204172,47.23494770150304,0.8792933387435019,0,1687422
CAT,stock,"Caterpillar Inc.",806.305,-0.5531641978810806,35.69699026671435,0.9416773319664216,0.25551756294683864,364750
GE,stock,"GE Aerospace",312.02,-0.08645809984310693,27.891189415118887,0.6400658494762275,0.11711707565505401,578578
LMT,stock,"Lockheed Martin Corporation",507.365,-0.37015218458517246,27.678848394912677,0.7132951793442904,0.05620679878553359,108318
RTX,stock,"RTX Corporation",184.75,-0.48478319418260474,19.632566487192037,0.7627427528127784,0,356471
NOC,stock,"Northrop Grumman Corporation",484.2,0.14892032762471466,44.76261198297224,0.3498649758877238,0.19451024611593085,91596
DE,stock,"Deere & Company",651.92,-2.9230883776338317,26.054890058695648,1.627423485822449,0.0000026214633938330983,302444
BABA,stock,"Alibaba Group Holding Limited",107.62,0.07439092430723293,8.337302779589464,1.586578852062723,-0.0000025521110914390466,1933268
PDD,stock,"PDD Holdings Inc.",77.488,-0.5799332820118016,12.269823788546262,1.3312798518449873,0.0000013390430385209734,638807
SNOW,stock,"Snowflake Inc.",343.35,1.1161503121686949,72.2748178666325,0.12944150157893258,1.953859073250443,935787
DDOG,stock,"Datadog, Inc.",274.16,0.11320065729413994,59.773317005752716,1.2071671823493046,1.1175091235854073,597109
PANW,stock,"Palo Alto Networks, Inc.",392.76,-1.1452014799526846,63.37792141724272,1.2359308339320356,1.4805057072515555,1369011
CRWD,stock,"CrowdStrike Holdings, Inc.",265.87,0.42304060434372226,68.58701307611821,1.108427017244785,2.2901454354050754,2033702
NET,stock,"Cloudflare, Inc.",347.725,0.12813867772404114,61.141088929888774,0.9922814099449827,1.398246705342029,547400
ROKU,stock,"Roku, Inc.",151.35,-0.6107171000788066,19.92280810404317,0.6302918875856748,-0.0000040327158140382574,299086
PINS,stock,"Pinterest, Inc.",18.835,-0.29115934356802387,35.51515477342508,1.0247014167600668,0.5069382606303436,1300912
ADBE,stock,"Adobe Inc.",242.88,1.2253063265816444,30.31472981919586,1.0974231830328371,0.078288168726529,827433
AMAT,stock,"Applied Materials, Inc.",526.23,2.9039070749736053,36.3412129616887,0.862831819230791,0.019005781130044197,1850565
LRCX,stock,"Lam Research Corporation",333.43,1.4976713037654914,19.39271072667478,1.8312951592102913,0.07953760097300315,2130476
KLAC,stock,"KLA Corporation",195.29,0.1846816806032859,19.60505448859024,2.1022788013857836,0.0000034378961597407463,1611272
TXN,stock,"Texas Instruments Incorporated",278.86,-0.4391445606769115,40.212738310942996,0.772159124905751,0.000005252972202223614,552175
ADI,stock,"Analog Devices, Inc.",394.6,-0.531874669153779,45.64323808482403,0.8717078052535836,0.04056321813291243,351741
MRVL,stock,"Marvell Technology, Inc.",261.51,-1.0219143862836337,55.44512422917748,0.42645732094178035,0.9067743111141955,3881308
CDNS,stock,"Cadence Design Systems, Inc.",349.57,5.870951133455484,61.71668268164684,1.2988150473876803,1.3540174503213351,666377
SNPS,stock,"Synopsys, Inc.",487.075,11.98671081068653,69.56522505763644,0.8640005008828207,3.1261253239879863,2466380
WDAY,stock,"Workday, Inc.",188.27,-1.1498477370576485,21.128241934095684,3.2503410575945426,0.5393599929467062,443296
TEAM,stock,"Atlassian Corporation",185.84,3.653299124323728,54.53314089500341,0.5405437894158132,1.438278509107093,350687
ZS,stock,"Zscaler, Inc.",200.58,0.5816868919867743,55.02466216368582,1.1775145126517002,0.511125703490137,414387
OKTA,stock,"Okta, Inc.",209.58,0.22476208693988756,65.74016826545802,1.4274653315857477,1.9655574807006513,564759
MDB,stock,"MongoDB, Inc.",354.42,1.666618857749348,73.86306617924046,0.02538990808312907,2.7691608484430215,801382
FSLR,stock,"First Solar, Inc.",169.55,-3.202786024206431,24.045615347821766,1.9658843644037038,0.4142751359912504,469795
ENPH,stock,"Enphase Energy, Inc.",31.82,-3.546529251288274,26.85961346772777,2.3746754862468893,0.4425531925141642,884229
NEE,stock,"NextEra Energy, Inc.",74.995,-0.9836282017427916,39.39417292170795,0.418267917680739,0.6306587916779722,2934854
DUK,stock,"Duke Energy Corporation",112.815,-1.048153670730644,30.487795727566734,0.6985358714909643,0.09759830278890194,612986
SO,stock,"The Southern Company",82.57,-0.3860538062492549,50.33007496617876,0.13304342618501663,0.5969763133703008,1550429
T,stock,"AT&T Inc.",24.43,0.12295081967213582,38.31775367744052,0.6102519290953631,0.04094972839808452,4384182
VZ,stock,"Verizon Communications Inc.",45.945,0.16350555918901863,49.397463002114165,0.476553473766633,0.2290572579899564,2664216
CMCSA,stock,"Comcast Corporation",21.64,-0.5514705882352987,29.578015957562442,0.9837545034985051,0.0000028204786519559598,2466081
TMUS,stock,"T-Mobile US, Inc.",162.447,-0.3881530537159736,31.740643299669017,0.7623979158673485,0.04434180138568297,527083
AXP,stock,"American Express Company",299.82,-1.407431765866501,8.248603825543697,1.6274029789233682,-0.000002442871915782779,617864
MA,stock,"Mastercard Incorporated",551.218,-0.045696048742464024,30.103635263164392,0.708281408834058,0.0000853933519787213,395649
BLK,stock,"BlackRock, Inc.",1054.34,-0.3732436288729975,3.4693893408548746,1.367680874097293,0.0000032418089540552046,66199
SCHW,stock,"The Charles Schwab Corporation",97.19,-0.5627174135461399,22.455896131709267,0.8012232573072647,0.22687302931569203,975115
C,stock,"Citigroup Inc.",124.92,-3.5217794253938743,8.158959916825637,2.948371554102641,0.0000014657818732345263,3204426
TFC,stock,"Truist Financial Corporation",45.185,-2.408207343412516,14.915313852114124,2.239292932427529,0.1551553118230633,1554209
USB,stock,"U.S. Bancorp",56.25,-2.614265927977836,9.939792260318043,2.3098329085800344,0.08006079081817567,1427367
CB,stock,"Chubb Limited",327.68,0.7471176018447369,64.22202596271339,0.24050939743879576,0.43985498759821645,185464
PGR,stock,"The Progressive Corporation",209.42,1.0665508421408134,57.55822979644522,0.12399498515019383,0.5618247298919508,313420
AMGN,stock,"Amgen Inc.",415.75,-1.3665156224051602,25.235934611996242,1.2470308788598574,0.040909917038271806,260325
GILD,stock,"Gilead Sciences, Inc.",147.75,-0.8721905400872266,38.232240702813066,0.985123447713237,0.003387514283330042,480926
BMY,stock,"Bristol-Myers Squibb Company",61.58,-1.3141025641025645,14.601598131125073,1.4877593129175348,0.016242171878100894,1700620
REGN,stock,"Regeneron Pharmaceuticals, Inc.",737.795,-2.7002255133395785,5.209431531034028,4.644999390228227,0.0000023163404610944373,162798
ISRG,stock,"Intuitive Surgical, Inc.",407.48,0.20903524088238024,42.028795238720406,0.46168384095821335,0.34228956010845163,205485
TMO,stock,"Thermo Fisher Scientific Inc.",665.82,-1.3673061254721732,46.25634847273143,0.7963732021675811,0.009010789698253138,358290
DHR,stock,"Danaher Corporation",220.405,-0.5168133604152607,60.99251625567415,0.24666076296432474,0.39857934021254343,620797
ELV,stock,"Elevance Health, Inc.",381.48,-1.8877629751555924,28.76341552798283,1.9098374799636573,1.1883289124668484,148347
CI,stock,"The Cigna Group",266.62,-1.9166390758930139,33.275467629868885,1.7720932857728453,0.9599214748836244,349148
CVS,stock,"CVS Health Corporation",84.76,-1.0853075037927327,26.08471283814916,1.154518950437312,0.42642045326143274,1128888
MDT,stock,"Medtronic plc",86.145,-0.16803801135706364,60.191075064509704,0.22584705369631122,0.6366840369087964,2617915
SYK,stock,"Stryker Corporation",274.83,-0.20334797922945724,34.440505442123566,0.7833607091890938,0.46425005583435586,323588
HON,stock,"Honeywell International Inc.",211.93,0.4693277709301266,56.45889519904829,0.1342960407175205,0.7894591210394906,264861
UPS,stock,"United Parcel Service, Inc.",93.905,0.4976455479452091,59.21447504898006,0.2390282162786292,0.5622218483871457,653678
FDX,stock,"FedEx Corporation",284.095,-0.3490125925146262,26.970555891145096,0.6348164243509061,-4.2968130113871274e-7,161513
DAL,stock,"Delta Air Lines, Inc.",82.91,-0.6589983225497211,29.00451487398317,1.1564106881017409,0.19335347432023758,962832
UAL,stock,"United Airlines Holdings, Inc.",110.08,-0.7841369986480438,34.84843071193323,0.9893868520924751,0.4196289380519194,685443
AAL,stock,"American Airlines Group Inc.",13.12,-1.8698578908002992,17.413830824002062,1.8698570508523886,8.72263095925144e-7,6845775
LUV,stock,"Southwest Airlines Co.",41.68,0.09606147934677989,49.35075872797262,0.095880200222226,0.5427527656668972,682630
CARR,stock,"Carrier Global Corporation",54.22,-1.1666059059423999,25.24603687714493,1.4808755331548056,0.14887404940658183,511132
ETN,stock,"Eaton Corporation plc",425.38,-1.0076563263596343,25.61927979045811,1.1433855292916997,0.07764079908455054,192339
EMR,stock,"Emerson Electric Co.",156.245,0.7382333978078726,56.64613852805871,0.3508432106584383,0.4371147416976877,407652
MMM,stock,"3M Company",162.95,-0.7310386841303789,28.27327894334718,0.9181604354998947,0.0000018728185690611863,263538
WM,stock,"Waste Management, Inc.",202.775,-0.561494703805405,36.3540420106921,0.6783912800087866,0.08143694247637902,310078
LIN,stock,"Linde plc",462.95,-2.464974191509531,27.670557688092572,1.0367652671071017,0.05943960972325074,297456
APD,stock,"Air Products and Chemicals, Inc.",268.785,-2.7621011504232658,40.110863327479294,0.593592426304767,0.3940495911479173,254469
FCX,stock,"Freeport-McMoRan Inc.",68.79,-1.7285714285714195,39.94977667874327,0.6355674355019656,0.22582918182458764,2194367
NEM,stock,"Newmont Corporation",114.86,-0.41616091555401763,47.35070893674647,0.10436889322490857,0.47675068622169303,725098
EOG,stock,"EOG Resources, Inc.",140.71,2.1414053426248674,88.69806363724823,0.06392262060159161,1.9342269224345277,372833
COP,stock,"ConocoPhillips",126.56,1.1266480223731494,77.75315906088659,0.00395246814660603,1.2879488968366326,542331
MPC,stock,"Marathon Petroleum Corporation",411.5,4.066562136462491,83.03370388727608,0,2.846720918106929,326914
PSX,stock,"Phillips 66",260.984,2.2223963025341655,69.26433818870747,0.00015538000339152113,1.6866642552728948,348311
HAL,stock,"Halliburton Company",31.865,0.2044025157232633,58.39415042170536,-7.182860066478336e-7,0.9664148897934979,1463858
BKR,stock,"Baker Hughes Company",54.97,0.12750455373406244,54.93675653620414,0.3986204605602546,0.410998397123335,1425737
WMB,stock,"The Williams Companies, Inc.",68.06,0.1324113579520427,69.20715113114593,0.23453711204942962,0.9343017825492486,1281552
KMI,stock,"Kinder Morgan, Inc.",30.195,0.14925373134328923,73.71615856023583,0.16531935144977,0.9359822025856044,1465931
PG,stock,"The Procter & Gamble Company",143.91,-0.9430066079295186,36.03107569721115,0.38417357280966663,0.22285930097550172,1172457
CL,stock,"Colgate-Palmolive Company",84.465,-1.0021097046413383,37.5383228556807,0.6703165021010737,0.04737571429836997,587641
KMB,stock,"Kimberly-Clark Corporation",94.37,-3.1407164117828206,29.77674117462199,2.1311931415286023,-0.0000029104397019867676,1185223
PM,stock,"Philip Morris International Inc.",187.535,-1.7215176606225746,25.69291546259346,1.7601321130778618,0.06403261113904894,453916
MO,stock,"Altria Group, Inc.",66.572,-1.1404811404811415,19.430809693253266,0.9860944513020254,0.0016524286463028381,995049
MDLZ,stock,"Mondelez International, Inc.",57.67,-0.2594258042199906,48.770390567105565,0.7230162704159987,0.2869297084080122,1164051
GIS,stock,"General Mills, Inc.",31.48,-2.1144278606965057,23.117324044459068,1.8856135319805618,-0.0009558463917996939,2667157
KR,stock,"The Kroger Co.",59.56,1.6035482770385616,75.28095907555678,0.2679189843145133,1.7771694020866275,1065970
DG,stock,"Dollar General Corporation",119.83,0.20906506104699782,40.92023578277979,0.41138330421492736,0.4105946682971335,219802
DLTR,stock,"Dollar Tree, Inc.",114.71,0.6051569900017522,26.666786342584288,1.0267484988886746,0.32359950495009315,246644
TJX,stock,"The TJX Companies, Inc.",132.81,0.37790038545839316,53.19135121096033,0.15787420366548005,0.8964484338035449,972380
ROST,stock,"Ross Stores, Inc.",232.37,-0.44130248500428493,32.781298189687575,0.5207929672253477,0.16379779207649495,207036
BKNG,stock,"Booking Holdings Inc.",161.19,-1.0557976797004476,32.19637909391997,1.59340842681981,0.031029297840975564,775625
MAR,stock,"Marriott International, Inc.",355.65,-0.005623190035718125,41.67895153171293,0.3697793137208281,0.14219853917428102,107277
HLT,stock,"Hilton Worldwide Holdings Inc.",316.715,-0.4416572362630547,31.53409337205774,0.4745089400750798,0.04896463311904555,185344
CMG,stock,"Chipotle Mexican Grill, Inc.",32.04,0.28169014084507,54.794645819888224,0.40409753293304373,0.43887267443226363,2392899
YUM,stock,"Yum! Brands, Inc.",136.07,-0.1980343259498388,30.608659653741228,0.8127693103741354,0.0036729199309684948,180800
EL,stock,"The Estée Lauder Companies Inc.",89.55,-3.4709496604505756,11.586180769675991,3.0161900818613785,0.10619659829052806,400404
LULU,stock,"lululemon athletica inc.",97.33,1.1851543819523864,46.716117790443185,0.8253509218320578,0.27818096867687603,961954
BTC-USD,crypto,"Bitcoin USD",84081.2,0.6161141251903176,62.435228056349125,0.30447984453922405,1.117728130661647,30970714112
ETH-USD,crypto,"Ethereum USD",2696.55,0.45736030147751333,57.92317058284062,0.8665101602891866,0.8097569728748212,12993129472
SOL-USD,crypto,"Solana USD",117.88,-0.10644832451405847,62.5352457748053,1.3721525176779281,0.8728387680310182,3438265088
XRP-USD,crypto,"XRP USD",1.4868,-0.1144236707049153,57.09016825318767,1.477699351493871,0.6158222230253518,2846365184
BNB-USD,crypto,"BNB USD",769.7,0.17290335067886164,59.713999226125345,0.29147123148535786,0.8265742583060207,1281898112
DOGE-USD,crypto,"Dogecoin USD",0.09452,0.04532311400489817,56.910570747259534,1.4595460290858426,1.0152811394570855,864311040
ADA-USD,crypto,"Cardano USD",0.24667,0.03405708077043917,55.13108003879884,2.828446976347042,1.2602644006787738,521656896
AVAX-USD,crypto,"Avalanche USD",10.969,0.3303520215116092,56.57013839919119,1.7202781779309686,1.2460805868028457,569745536
LINK-USD,crypto,"Chainlink USD",14.359,0.004088195540826476,57.443354459191916,1.1700755660033,1.4913785696812853,430224288
DOT-USD,crypto,"Polkadot USD",1.1853,-2.9609001115380607,49.815468125912766,6.032978064318581,0.19442362911580835,174810672
LTC-USD,crypto,"Litecoin USD",67.138,-0.05226793876297952,61.99880452023138,0.7612373122535985,0.6521401604228243,325375840
BCH-USD,crypto,"Bitcoin Cash USD",307.38,0.48035283516701033,53.977244813325974,0.8963127512527168,1.161755414045235,183067840
